segment,customer_count,total_revenue,avg_frequency,avg_monetary
At Risk,866,783858.332,2.4445727482678983,905.1481893764435
Lost,861,555154.401,1.5063879210220674,644.7786306620209
Loyal,615,4325155.08,12.665040650406505,7032.772487804878
Potential,1475,2852388.961,4.393898305084746,1933.8230244067797
Unclassified,521,370648.22,1.6276391554702496,711.4169289827255
